{
  "calibration_date": "2026-04-16",
  "status": "calibrated",
  "reason": "forced",
  "base_weights": {
    "rf": 0.35,
    "pi_risk": 0.25,
    "cy": 0.25,
    "sigma": 0.15
  },
  "calibrated_weights": {
    "rf": 0.351,
    "pi_risk": 0.2862,
    "cy": 0.2224,
    "sigma": 0.1404
  },
  "shifts": {
    "rf": 0.001,
    "pi_risk": 0.0362,
    "cy": -0.0276,
    "sigma": -0.0096
  },
  "component_ics": {
    "rf": 0.13997907324575407,
    "pi_risk": 0.20630293110713727,
    "cy": 0.08003900945735534,
    "sigma": 0.10571222013557842
  },
  "max_shift_constraint": 0.1,
  "schedule": "quarterly"
}